id,name,email,phone,plan
1000,Ivo Diaz,ivo.diaz1000@example.com,+1-555-9282,basic
1001,Ivo Okafor,ivo.okafor1001@example.com,+1-555-1263,team
1002,Jun Rao,jun.rao1002@example.com,+1-555-2394,basic
1003,Ana Moreau,ana.moreau1003@example.com,+1-555-6909,basic
1004,Gus Lund,gus.lund1004@example.com,+1-555-1831,team
1005,Ana Okafor,ana.okafor1005@example.com,+1-555-5006,pro
1006,Eli Ortiz,eli.ortiz1006@example.com,+1-555-8486,basic
1007,Ivo Okafor,ivo.okafor1007@example.com,+1-555-2506,team
1008,Ivo Klein,ivo.klein1008@example.com,+1-555-8763,pro
1009,Ben Sato,ben.sato1009@example.com,+1-555-4846,team
1010,Dev Rao,dev.rao1010@example.com,+1-555-8542,pro
1011,Gus Klein,gus.klein1011@example.com,+1-555-8848,team
1012,Eli Ortiz,eli.ortiz1012@example.com,+1-555-4248,basic
1013,Jun Moreau,jun.moreau1013@example.com,+1-555-6435,pro
1014,Eli Wu,eli.wu1014@example.com,+1-555-3186,basic
1015,Hana Ortiz,hana.ortiz1015@example.com,+1-555-8959,pro
1016,Ben Rao,ben.rao1016@example.com,+1-555-9021,pro
1017,Ivo Sato,ivo.sato1017@example.com,+1-555-8613,pro
1018,Hana Klein,hana.klein1018@example.com,+1-555-9996,basic
1019,Eli Klein,eli.klein1019@example.com,+1-555-8748,basic
1020,Eli Lund,eli.lund1020@example.com,+1-555-2252,team
1021,Hana Sato,hana.sato1021@example.com,+1-555-7338,basic
1022,Dev Klein,dev.klein1022@example.com,+1-555-2479,basic
1023,Ivo Sato,ivo.sato1023@example.com,+1-555-6890,basic
1024,Jun Okafor,jun.okafor1024@example.com,+1-555-5580,basic
1025,Fay Rao,fay.rao1025@example.com,+1-555-9157,pro
1026,Gus Ortiz,gus.ortiz1026@example.com,+1-555-3606,basic
1027,Hana Lund,hana.lund1027@example.com,+1-555-7642,pro
1028,Chloe Diaz,chloe.diaz1028@example.com,+1-555-6635,pro
1029,Fay Klein,fay.klein1029@example.com,+1-555-6428,basic
1030,Fay Berg,fay.berg1030@example.com,+1-555-7525,basic
1031,Dev Ortiz,dev.ortiz1031@example.com,+1-555-5748,pro
1032,Fay Klein,fay.klein1032@example.com,+1-555-7437,pro
1033,Jun Klein,jun.klein1033@example.com,+1-555-6909,pro
1034,Eli Ortiz,eli.ortiz1034@example.com,+1-555-5597,basic
1035,Ana Sato,ana.sato1035@example.com,+1-555-3439,basic
1036,Eli Diaz,eli.diaz1036@example.com,+1-555-9371,pro
1037,Dev Berg,dev.berg1037@example.com,+1-555-8008,basic
1038,Gus Okafor,gus.okafor1038@example.com,+1-555-9998,basic
1039,Ben Ortiz,ben.ortiz1039@example.com,+1-555-7731,pro
1040,Jun Moreau,jun.moreau1040@example.com,+1-555-5689,pro
1041,Ana Okafor,ana.okafor1041@example.com,+1-555-3085,basic
1042,Hana Diaz,hana.diaz1042@example.com,+1-555-6630,pro
1043,Eli Sato,eli.sato1043@example.com,+1-555-5262,pro
1044,Dev Sato,dev.sato1044@example.com,+1-555-8916,team
1045,Gus Klein,gus.klein1045@example.com,+1-555-3741,team
1046,Chloe Klein,chloe.klein1046@example.com,+1-555-4405,team
1047,Hana Okafor,hana.okafor1047@example.com,+1-555-4604,pro
1048,Fay Lund,fay.lund1048@example.com,+1-555-8002,basic
1049,Ivo Rao,ivo.rao1049@example.com,+1-555-4999,basic
1050,Chloe Berg,chloe.berg1050@example.com,+1-555-2492,pro
1051,Dev Berg,dev.berg1051@example.com,+1-555-5232,team
1052,Dev Ortiz,dev.ortiz1052@example.com,+1-555-7763,pro
1053,Gus Okafor,gus.okafor1053@example.com,+1-555-4440,pro
1054,Eli Berg,eli.berg1054@example.com,+1-555-2016,pro
1055,Eli Wu,eli.wu1055@example.com,+1-555-6900,basic
1056,Ivo Okafor,ivo.okafor1056@example.com,+1-555-4538,basic
1057,Eli Rao,eli.rao1057@example.com,+1-555-7300,pro
1058,Hana Diaz,hana.diaz1058@example.com,+1-555-6112,basic
1059,Chloe Ortiz,chloe.ortiz1059@example.com,+1-555-7966,team
